67,144,81,60,149,78,91,135,85,56,148,81,65,147,79,0
82,140,81,72,146,77,77,146,76,75,149,73,76,146,76,0
60,148,79,95,134,87,85,141,80,70,141,83,62,142,84,0
77,145,77,60,146,81,80,151,71,87,139,81,86,144,76,0
90,139,80,119,132,83,90,138,81,66,143,82,70,152,72,0
114,131,85,91,143,75,98,135,83,86,128,98,86,141,79,0
74,144,79,124,132,79,85,146,74,76,146,76,71,147,77,0
70,147,78,87,131,91,80,144,77,70,153,71,86,137,83,0
66,149,76,54,158,72,57,153,75,56,156,73,62,151,76,0
72,143,81,78,152,70,77,146,76,79,159,63,63,151,75,0
83,143,78,93,139,79,64,150,76,120,131,85,94,136,81,0
67,148,76,130,127,89,56,157,72,64,152,73,69,149,75,0
82,147,73,146,128,87,68,151,74,64,156,70,89,143,76,0
60,158,70,81,142,79,64,159,68,70,147,78,58,149,79,0
104,142,73,60,151,76,98,135,82,85,153,67,95,136,82,0
77,147,76,106,126,96,81,129,95,86,128,99,142,121,105,0
29,137,99,75,148,75,74,125,120,54,126,119,80,147,74,0
94,129,94,77,138,85,63,147,79,101,133,84,75,143,80,0
73,146,76,91,143,75,77,150,72,77,148,74,67,151,74,0
70,147,77,71,151,73,127,127,90,73,150,73,71,154,70,0
90,146,71,97,140,77,98,137,79,64,127,114,79,144,78,0
72,150,73,80,147,74,60,157,71,54,155,75,61,156,71,0
84,147,74,69,153,71,76,150,72,60,154,73,66,152,73,0
117,127,90,75,147,76,88,147,72,77,139,83,68,153,72,0
82,155,66,65,152,74,77,162,61,97,143,73,78,149,73,0
62,155,71,55,154,75,71,160,64,190,127,105,68,159,67,0
87,150,70,90,150,69,67,154,71,85,154,66,92,149,69,0
60,157,71,76,154,69,129,128,84,70,147,77,54,163,67,0
71,151,73,93,148,69,62,157,70,58,158,70,66,156,69,0
71,147,77,73,147,77,55,157,72,184,120,107,74,145,77,0
53,160,70,74,161,63,67,153,72,72,150,74,58,158,70,0
72,142,82,66,144,82,56,155,74,57,125,126,85,155,65,0
69,150,75,78,140,84,61,154,74,34,158,78,82,143,78,0
117,132,82,92,140,77,90,143,76,80,147,74,112,133,81,0
87,136,83,80,124,122,83,145,75,80,126,116,83,136,85,0
82,149,71,93,143,74,94,140,77,85,145,75,73,126,109,0
99,141,75,75,148,75,53,127,122,77,153,70,97,140,77,0
88,139,80,131,127,95,69,149,76,69,146,78,95,139,78,0
61,154,74,63,149,77,107,133,83,86,142,77,97,135,83,0
138,126,94,77,153,70,93,138,80,79,138,83,54,154,75,0
83,145,75,84,144,76,71,155,69,80,141,80,65,158,68,0
91,154,64,78,150,72,68,160,66,71,154,70,90,153,65,0
87,156,64,73,157,67,71,152,72,84,147,73,93,148,70,0
153,127,85,77,164,59,56,148,80,65,145,81,55,155,74,0
80,154,68,70,162,63,70,148,76,82,157,65,71,148,76,0
75,143,79,39,132,103,59,153,74,62,152,75,53,129,112,0
81,143,79,68,156,70,60,126,121,81,144,77,66,152,74,0
77,144,78,165,122,108,79,152,70,78,147,74,80,152,70,0
59,151,76,55,155,74,41,125,121,60,144,83,63,151,75,0
97,135,82,65,127,122,67,152,73,63,131,99,91,136,82,0
95,139,78,103,128,99,89,140,79,74,152,72,67,128,119,0
51,153,77,140,129,87,78,148,74,80,143,79,50,154,76,0
45,153,78,69,141,85,70,159,66,52,154,76,55,150,79,0
68,150,75,71,148,76,50,161,71,50,154,77,56,150,78,0
63,155,72,79,149,72,54,162,68,76,146,77,68,154,71,0
53,148,82,61,155,72,86,141,79,53,157,72,73,152,72,0
55,157,72,37,158,77,70,158,66,69,157,68,69,157,68,0
77,156,67,60,158,70,88,140,80,69,154,70,88,128,94,0
72,145,79,72,145,79,117,129,90,57,156,73,65,147,78,0
69,149,75,113,125,98,110,130,88,64,150,76,91,148,70,0
84,141,79,60,156,72,79,125,114,74,151,72,78,157,65,0
91,137,82,46,131,103,77,143,79,76,127,120,72,145,79,0
75,154,69,56,137,93,79,154,67,58,154,74,73,158,66,0
87,144,75,68,146,79,51,135,96,80,142,80,53,134,97,0
86,137,83,66,126,123,73,145,78,78,137,86,80,140,81,0
75,147,76,71,150,74,124,126,99,71,127,123,63,147,80,0
60,156,71,63,157,70,66,127,121,68,155,70,51,154,76,0
97,139,78,86,151,68,46,151,81,134,128,87,54,154,75,0
54,154,75,59,152,75,71,147,77,68,148,77,81,143,78,0
53,156,74,75,137,88,75,142,80,80,140,82,66,151,75,0
23,131,110,58,128,125,65,150,76,62,147,79,34,128,115,0
75,145,78,56,146,82,64,154,73,66,154,71,52,152,77,0
103,134,83,58,155,74,67,149,77,67,152,73,53,150,80,0
67,153,72,55,157,72,58,156,72,69,149,76,54,153,76,0
77,142,80,102,137,79,56,162,67,43,150,82,60,158,70,0
82,150,70,69,150,74,70,143,81,57,154,75,76,152,71,0
80,148,73,50,158,72,60,152,75,65,148,79,79,161,62,0
77,146,77,82,149,72,69,135,92,71,146,78,69,151,74,0
142,126,100,70,145,79,69,158,67,68,160,65,58,128,109,0
82,146,75,63,156,70,83,145,76,69,153,71,72,156,68,0
121,129,88,68,154,71,60,127,122,80,142,80,114,128,88,0
85,143,77,74,152,71,63,149,77,72,149,75,81,145,76,0
83,151,69,84,147,73,77,148,75,76,156,67,89,149,70,0
56,153,75,90,134,86,64,149,77,72,150,73,72,147,77,0
96,138,80,88,153,66,72,126,118,98,137,80,76,131,97,0
88,141,78,72,125,118,70,149,75,70,153,71,58,138,91,0
58,147,81,54,153,76,57,140,89,44,141,92,62,150,76,0
72,141,84,60,126,118,85,146,74,65,125,121,69,149,76,0
53,145,85,45,150,82,76,136,87,55,147,82,68,151,74,0
59,151,76,78,143,78,42,151,82,78,140,82,67,157,68,0
50,153,78,73,144,79,68,156,69,61,148,79,80,137,86,0
67,143,83,147,126,92,72,137,88,81,150,71,62,146,81,0
79,139,83,93,135,84,65,155,71,74,135,90,61,158,70,0
50,157,74,50,157,74,61,153,74,60,157,71,69,151,74,0
61,152,75,48,153,77,67,154,71,52,158,72,55,155,74,0
153,125,95,69,149,76,62,152,74,58,154,74,63,152,75,0
72,147,77,87,141,79,66,149,76,108,137,78,67,154,71,0
72,136,90,68,152,72,64,128,119,71,140,84,68,127,108,0
81,144,77,89,139,80,65,143,82,67,127,119,76,148,74,0
83,139,82,53,128,121,65,151,75,128,126,92,78,144,77,0
73,146,77,78,152,70,63,127,121,64,154,73,86,142,78,0
83,155,66,70,155,69,85,132,97,79,146,75,71,159,66,0
72,145,79,43,130,113,70,155,69,61,129,119,65,157,69,0
68,141,84,79,138,85,69,159,66,69,146,78,54,131,106,0
85,134,88,69,155,70,60,127,124,60,128,122,60,153,74,0
70,145,80,47,129,113,70,154,71,60,127,122,66,156,70,0
78,144,77,75,141,82,46,155,76,54,156,74,74,154,69,0
80,144,77,75,146,77,67,149,76,75,145,78,86,139,81,0
66,150,75,90,142,77,94,136,83,86,141,78,71,150,74,0
77,151,71,94,138,80,66,151,74,58,153,75,62,150,77,0
89,142,77,66,155,70,101,133,84,63,155,71,70,153,71,0
66,155,70,76,157,66,78,146,75,72,159,65,82,147,73,0
72,150,74,63,159,68,83,147,73,61,161,67,96,144,72,0
69,160,65,77,152,70,61,156,72,74,157,67,66,153,73,0
76,141,81,63,151,75,84,141,79,95,137,80,60,153,74,0
87,138,81,80,142,80,115,123,114,73,142,81,88,141,79,0
88,137,83,89,131,90,93,135,84,123,123,115,75,145,77,0
70,147,77,65,141,85,70,148,76,60,151,76,48,130,111,0
61,151,75,85,145,75,82,133,90,67,151,74,65,150,75,0
76,143,79,61,147,80,75,137,88,105,134,83,110,130,89,0
75,145,78,77,133,93,73,146,77,85,125,119,72,150,74,0
57,152,76,63,151,75,83,128,109,81,157,64,77,150,72,0
82,143,77,69,148,76,63,154,72,81,142,79,66,153,73,0
97,134,85,93,137,81,75,150,73,74,134,93,73,143,80,0
67,153,72,77,150,72,88,141,78,83,148,73,84,141,79,0
73,152,71,68,156,69,67,151,73,62,159,68,97,143,73,0
87,146,73,64,156,70,79,151,70,95,144,73,65,157,69,0
84,148,72,95,140,77,157,127,94,58,153,74,73,155,69,0
62,156,71,78,160,63,82,145,75,69,157,68,79,147,75,0
65,154,72,65,155,71,78,149,73,63,160,67,71,151,73,0
72,147,76,77,146,76,82,145,76,76,148,74,155,125,92,0
95,138,80,85,144,76,76,125,120,82,151,70,73,128,103,0
74,140,85,82,136,87,93,133,87,69,125,120,97,137,80,0
90,142,76,48,125,115,83,144,77,86,139,81,89,140,78,0
77,145,78,37,131,106,63,149,77,70,155,69,50,145,86,0
76,151,71,71,154,70,69,127,110,63,150,76,66,146,80,0
54,149,80,60,153,74,85,140,80,72,140,84,62,150,76,0
92,139,79,28,134,105,61,150,77,37,129,110,69,151,73,0
62,145,81,60,127,117,69,146,79,61,149,78,95,134,87,0
111,181,167,79,177,169,34,137,130,111,185,170,33,151,142,1
99,186,176,83,181,174,20,140,133,85,182,174,97,187,179,1
95,177,166,104,184,174,105,184,174,109,189,178,88,179,168,1
85,179,171,91,184,176,97,173,159,90,180,170,94,184,176,1
143,170,151,89,176,163,97,182,169,110,173,153,152,141,134,1
83,175,165,103,175,163,81,180,172,101,188,179,85,181,174,1
88,182,175,99,187,178,77,177,170,102,189,179,87,178,164,1
100,188,180,103,188,178,84,179,169,97,185,176,101,183,169,1
101,188,180,97,185,178,85,177,168,103,189,180,92,184,177,1
108,183,171,99,185,173,76,168,158,111,191,182,73,174,167,1
108,191,181,95,184,176,102,189,180,90,184,177,106,191,183,1
104,190,181,82,180,173,35,150,143,94,184,176,99,186,179,1
83,177,166,91,181,169,87,180,169,83,175,166,103,187,176,1
168,157,142,88,180,170,87,180,170,82,180,171,108,191,181,1
89,179,170,93,184,176,90,182,174,91,183,173,92,183,175,1
99,174,159,120,171,155,99,187,180,102,176,165,90,183,173,1
87,180,171,97,181,168,103,188,178,92,184,172,97,182,173,1
88,181,169,104,187,175,101,180,168,92,181,170,116,166,146,1
80,179,172,109,176,160,95,185,176,83,177,164,86,181,171,1
101,188,180,89,182,173,102,189,180,101,188,180,91,184,176,1
108,180,168,101,183,170,94,183,175,107,191,181,93,180,172,1
99,186,176,115,179,163,89,183,176,80,175,159,103,180,165,1
83,181,174,86,182,174,94,183,176,102,189,180,101,189,181,1
92,184,176,106,180,166,99,183,172,89,183,174,102,189,180,1
95,186,178,144,176,155,84,179,172,113,190,178,95,184,173,1
175,143,143,133,167,155,58,134,126,93,184,174,138,139,134,1
81,173,166,88,180,173,92,181,171,101,170,157,90,183,175,1
97,187,178,90,183,176,87,183,176,119,195,184,82,180,174,1
124,197,185,120,179,154,95,185,176,100,189,180,141,174,152,1
110,187,173,103,182,167,92,184,177,104,189,180,115,188,177,1
86,182,174,93,183,174,104,189,181,89,183,174,86,178,168,1
85,181,172,93,183,173,94,185,177,94,185,177,90,179,166,1
104,189,179,91,183,174,103,188,180,71,157,140,108,191,183,1
96,186,178,111,185,172,100,188,180,94,185,177,112,189,177,1
87,182,175,90,183,174,94,185,177,92,183,174,88,180,170,1
107,189,179,133,177,155,99,187,178,102,183,169,128,173,149,1
100,186,176,111,179,163,94,182,173,121,193,180,110,192,182,1
91,184,176,114,193,182,97,183,170,101,189,181,102,189,180,1
96,177,161,125,181,157,84,181,174,88,182,175,85,182,173,1
91,184,176,88,182,174,105,181,165,32,154,145,88,183,174,1
106,191,182,103,189,180,106,191,182,102,189,180,109,178,162,1
122,196,186,95,186,178,120,196,186,81,172,151,103,190,181,1
90,184,176,85,181,173,88,182,175,96,186,178,87,182,175,1
101,179,166,107,185,172,102,189,180,90,183,174,108,183,167,1
103,189,181,96,186,178,101,188,178,91,183,176,104,190,181,1
94,185,176,108,191,181,107,189,179,110,187,172,101,187,179,1
102,177,165,115,192,181,97,186,178,93,184,175,91,184,176,1
106,188,175,93,185,177,111,191,180,95,185,176,92,183,172,1
90,184,177,87,180,169,77,175,166,89,176,164,90,183,176,1
104,190,182,99,187,179,103,184,171,95,184,173,97,187,178,1
102,180,163,96,183,172,91,184,176,99,184,171,83,181,172,1
85,182,174,107,187,172,102,187,174,91,183,176,88,183,175,1
64,168,161,45,139,134,82,178,171,85,180,172,56,127,127,1
100,188,177,54,127,127,105,188,178,101,184,174,85,175,164,1
97,187,179,149,163,152,96,186,179,90,183,173,92,181,171,1
113,193,183,105,188,176,100,184,169,102,187,177,95,183,173,1
101,183,171,62,126,127,103,189,179,75,156,138,96,184,174,1
89,181,169,47,147,132,95,185,174,73,125,123,105,190,180,1
97,186,178,97,187,178,93,184,174,91,183,175,92,184,175,1
97,182,172,95,185,177,103,189,181,96,183,172,94,184,174,1
114,186,169,97,186,177,91,166,158,111,182,167,99,162,151,1
98,187,177,99,185,174,103,189,179,110,192,182,99,185,172,1
91,177,166,90,183,174,97,186,178,92,181,171,94,185,175,1
87,181,174,97,186,175,90,184,176,85,181,173,91,184,177,1
93,184,175,58,135,126,104,184,171,55,138,125,97,182,171,1
86,179,166,91,184,176,25,136,130,50,130,124,97,185,175,1
92,184,177,95,185,176,90,183,174,91,184,176,94,185,176,1
93,182,170,97,182,170,98,183,173,110,188,170,103,189,179,1
84,181,175,99,187,179,88,180,169,97,187,178,85,181,173,1
123,188,170,113,192,180,107,182,169,117,182,164,101,188,180,1
111,183,168,61,127,125,112,184,171,90,181,166,92,185,176,1
96,186,175,103,189,181,116,194,184,70,171,158,99,187,180,1
88,182,173,86,183,176,114,183,170,87,182,175,94,183,174,1
101,183,172,98,187,180,192,162,146,98,187,179,96,186,178,1
109,192,182,108,191,182,105,188,177,85,181,174,105,188,177,1
121,197,187,124,197,186,92,184,175,95,180,166,103,189,181,1
88,183,176,90,184,176,86,181,174,89,184,176,96,186,178,1
119,195,182,106,189,175,98,186,175,101,187,177,112,192,181,1
84,181,173,96,186,176,101,187,178,74,173,159,93,185,177,1
125,197,186,97,182,168,120,196,185,109,189,174,103,190,182,1
89,182,173,92,184,175,88,182,173,93,180,167,91,183,176,1
86,181,173,73,175,167,85,181,171,81,179,168,93,184,176,1
83,180,173,89,181,170,93,183,172,90,184,177,92,183,172,1
107,191,182,96,185,176,103,189,179,119,195,185,94,185,177,1
87,182,173,86,181,173,88,180,168,82,179,171,94,185,177,1
82,178,170,84,178,167,86,181,174,76,177,169,90,182,174,1
113,194,184,96,185,178,64,129,125,118,191,177,96,179,168,1
105,187,171,105,190,180,117,192,180,60,136,126,112,189,172,1
85,182,173,96,186,178,96,185,177,91,182,172,85,181,174,1
84,181,173,75,177,169,84,180,172,80,179,170,87,181,175,1
99,183,171,56,138,130,96,186,178,96,184,172,90,181,169,1
99,188,179,81,170,157,113,184,168,100,187,179,100,179,165,1
93,185,176,101,189,180,131,193,174,80,180,172,96,186,178,1
108,191,181,102,183,169,106,189,177,88,179,167,111,191,181,1
89,175,162,87,180,170,88,182,172,86,177,166,75,173,164,1
90,181,172,95,183,170,104,178,164,121,138,126,96,185,176,1
97,187,178,102,188,179,129,172,154,89,184,176,97,186,178,1
97,186,177,91,184,175,101,185,171,88,183,175,100,187,178,1
67,171,162,67,168,157,73,172,161,94,181,167,79,177,168,1
83,180,172,103,178,162,90,180,168,100,183,167,92,184,176,1
90,183,175,100,189,180,96,184,174,99,182,171,93,183,172,1
105,182,164,111,192,183,106,185,171,90,183,173,119,193,181,1
85,180,168,95,173,157,112,142,135,101,178,163,92,182,171,1
91,182,170,83,176,160,117,187,171,99,180,166,87,182,174,1
89,183,176,99,187,177,101,180,167,94,185,177,86,179,171,1
122,180,166,93,185,176,127,176,158,117,194,184,102,189,180,1
103,189,181,110,192,182,87,181,173,112,192,183,86,182,174,1
101,180,165,109,183,165,97,182,169,89,181,171,122,172,157,1
111,191,178,90,180,169,77,138,129,98,185,174,97,187,178,1
95,184,174,92,172,158,128,182,163,102,189,179,92,183,172,1
91,183,175,93,184,174,106,188,176,95,180,169,101,187,177,1
97,186,174,96,185,175,121,196,185,109,177,161,91,161,154,1
98,187,178,31,138,129,88,180,169,96,186,178,98,187,178,1
108,190,179,93,185,175,111,192,183,86,175,156,112,192,180,1
91,184,176,105,191,182,89,181,172,96,184,173,86,182,173,1
83,179,169,98,187,178,80,173,161,99,188,180,95,183,173,1
174,135,188,202,139,200,190,141,199,204,140,200,56,136,153,2
186,140,196,204,139,201,180,144,196,200,135,194,174,140,190,2
210,137,201,198,140,197,178,145,197,195,142,199,200,143,199,2
192,141,199,208,139,199,192,141,199,203,141,199,196,141,199,2
206,140,200,199,141,200,207,139,199,207,140,200,197,142,199,2
222,132,173,220,134,179,222,132,176,206,140,199,178,141,195,2
208,139,200,208,138,200,210,137,200,194,144,200,205,140,191,2
189,142,198,196,142,200,85,138,166,61,128,130,212,136,200,2
190,144,199,171,144,196,57,134,152,197,141,200,190,141,198,2
197,140,195,195,141,199,197,143,199,194,141,197,192,143,198,2
204,142,200,193,144,199,190,139,198,196,145,199,188,141,199,2
188,145,199,207,139,201,204,141,200,194,143,199,200,140,199,2
208,138,201,211,136,200,201,140,197,187,145,198,207,140,194,2
190,142,195,200,140,200,196,138,193,191,144,199,197,139,190,2
190,143,198,182,144,197,208,139,200,217,134,183,190,143,199,2
195,145,199,182,145,197,196,143,199,206,140,200,200,143,200,2
212,136,201,200,142,200,206,140,200,194,143,199,209,139,191,2
192,144,199,192,142,199,192,142,198,190,141,195,189,144,198,2
181,143,197,195,142,199,200,143,200,195,141,196,189,145,198,2
199,141,200,189,143,199,203,141,200,194,143,199,202,141,199,2
189,144,199,204,141,199,192,141,197,194,143,199,181,141,194,2
253,127,133,242,126,143,196,140,195,190,139,194,248,126,142,2
204,141,200,198,141,199,208,138,196,205,141,201,200,140,200,2
207,140,200,213,133,176,198,140,198,198,145,199,206,140,200,2
199,141,198,206,141,191,200,140,199,198,141,200,188,144,197,2
194,146,200,189,144,197,199,142,200,200,142,199,199,143,200,2
188,146,199,195,144,200,196,137,191,194,140,194,191,146,199,2
192,146,199,194,145,199,55,135,149,188,144,197,190,144,198,2
179,145,197,183,144,197,191,143,199,170,144,194,189,144,199,2
194,144,199,201,139,196,190,144,198,198,142,199,175,146,196,2
191,144,199,190,146,198,192,144,199,190,143,197,190,141,192,2
191,146,199,186,143,195,191,139,195,192,139,193,203,139,192,2
196,143,199,199,141,198,192,144,199,200,141,199,167,147,195,2
201,142,197,202,139,198,167,147,195,197,142,200,191,144,199,2
192,143,199,191,145,198,190,142,198,197,142,199,202,140,200,2
196,143,199,190,143,198,189,144,198,191,140,196,194,143,198,2
208,139,200,208,138,182,206,140,200,207,140,200,184,144,195,2
207,139,201,204,140,200,207,139,201,204,141,200,190,146,198,2
213,136,194,207,140,200,214,136,187,220,132,184,200,143,200,2
197,143,199,202,140,193,32,127,129,199,140,199,193,143,199,2
195,143,199,188,142,197,69,139,158,193,142,195,193,141,197,2
198,142,199,193,140,189,190,144,198,194,143,199,176,145,197,2
195,144,200,192,144,199,193,145,199,199,142,189,196,143,200,2
210,137,190,204,140,200,199,139,194,210,136,193,193,144,198,2
195,141,200,167,141,191,196,142,199,191,141,194,156,144,192,2
196,141,199,195,140,199,194,141,198,196,141,198,160,145,192,2
199,140,199,196,139,196,194,141,199,200,139,200,173,143,196,2
204,138,187,203,136,188,196,139,196,194,141,198,190,140,198,2
192,143,199,192,142,199,198,142,197,198,142,199,192,144,199,2
174,143,195,189,142,199,189,146,199,188,144,198,192,142,197,2
199,142,199,203,137,189,196,142,199,194,142,193,156,147,192,2
192,142,199,194,141,192,68,134,147,197,142,195,193,142,199,2
203,139,193,198,141,199,197,142,199,194,142,199,223,133,171,2
195,141,197,196,141,198,192,143,199,193,144,199,192,142,199,2
190,141,198,202,139,200,203,142,199,206,139,193,195,143,199,2
199,140,200,202,140,200,194,139,194,192,143,199,204,140,200,2
202,141,200,192,141,196,196,142,200,198,141,199,204,141,201,2
191,144,199,191,143,199,190,143,198,183,146,198,204,141,201,2
204,141,200,197,142,199,208,139,200,196,142,199,204,142,200,2
178,142,192,168,142,194,203,141,200,208,139,201,200,138,195,2
191,142,198,195,143,199,201,140,198,202,140,194,191,144,198,2
202,140,200,198,140,199,197,141,196,81,137,165,202,140,200,2
249,128,134,192,143,198,193,143,199,193,143,196,249,127,138,2
187,144,198,184,148,198,176,144,196,191,143,197,194,143,199,2
186,144,198,179,145,197,186,144,197,201,141,200,186,144,198,2
237,128,151,198,143,199,193,143,199,194,139,193,199,137,194,2
193,143,199,195,143,199,186,146,198,189,142,196,195,143,199,2
204,140,195,200,139,195,208,139,201,206,140,196,206,140,200,2
168,146,195,194,143,199,188,145,198,184,145,198,168,145,194,2
195,142,193,192,140,199,190,143,198,196,142,199,144,146,189,2
191,142,195,195,139,190,183,144,195,191,139,190,187,142,196,2
187,144,198,183,144,197,183,143,196,191,145,198,188,143,198,2
191,145,199,181,146,198,189,145,199,185,146,197,198,143,199,2
196,141,197,187,146,198,195,142,199,190,143,198,192,143,198,2
188,142,197,196,142,199,194,143,198,195,143,198,190,145,198,2
194,142,199,181,146,197,209,134,173,175,144,196,197,140,194,2
163,146,193,176,145,196,199,140,200,198,141,197,160,146,192,2
190,142,198,185,143,198,71,127,129,191,143,199,192,142,199,2
161,144,193,166,144,195,160,146,193,191,143,198,126,139,172,2
185,141,194,200,136,183,193,142,195,199,138,193,195,143,199,2
191,144,199,193,144,199,203,142,200,210,136,198,200,140,199,2
191,142,198,190,139,198,203,140,198,193,141,199,172,145,195,2
205,134,182,188,141,195,190,142,199,214,136,178,152,147,191,2
200,140,198,188,142,198,172,144,195,198,142,200,184,144,197,2
179,141,195,187,144,198,194,141,199,210,137,201,188,143,198,2
195,140,195,164,143,193,197,140,197,190,140,194,192,141,197,2
194,141,198,191,142,199,61,129,124,182,142,198,194,143,199,2
199,140,200,198,141,199,195,142,199,197,142,199,207,138,188,2
180,140,186,63,133,148,198,142,199,202,142,200,61,129,123,2
207,139,201,205,141,200,187,145,198,201,139,188,207,139,201,2
194,142,199,201,141,200,174,144,196,194,141,197,192,143,199,2
198,140,197,183,145,197,225,129,169,192,141,197,176,139,191,2
208,139,200,191,142,199,207,140,201,206,139,200,196,141,198,2
202,141,200,199,141,199,200,140,199,192,144,198,201,140,198,2
199,138,198,173,144,195,166,142,194,203,140,200,180,145,196,2
201,138,198,183,144,197,205,140,201,207,139,198,177,139,190,2
193,144,199,231,128,156,53,132,129,192,144,199,186,143,197,2
190,143,199,194,145,200,208,138,200,190,145,198,195,143,199,2
186,144,198,197,142,199,190,143,193,193,141,196,184,145,198,2
193,142,199,182,143,197,198,142,200,189,143,198,205,140,201,2
203,142,200,206,140,199,196,143,199,203,142,201,61,131,134,2
244,126,145,206,139,199,210,138,194,195,143,199,226,130,175,2
203,141,200,167,145,194,204,141,200,202,141,198,172,145,196,2
201,140,200,202,141,198,209,137,184,198,140,197,207,139,194,2
200,142,200,195,143,198,205,141,200,192,143,198,207,140,201,2
207,139,201,180,137,184,207,139,201,208,139,200,184,145,197,2
194,143,199,198,142,200,190,142,198,176,145,196,185,144,197,2
177,145,197,190,141,189,177,142,193,193,144,198,173,145,195,2
192,142,197,188,145,198,205,141,199,211,138,190,189,144,199,2
204,138,197,186,145,198,198,140,195,251,124,144,191,140,197,2
199,139,193,198,142,199,195,142,199,200,141,198,182,139,186,2
178,143,194,179,146,197,185,143,197,193,143,197,225,130,167,2
209,139,196,202,141,200,200,138,194,205,140,199,203,142,201,2
204,140,200,194,141,199,192,140,191,191,142,197,202,140,200,2
202,142,200,199,141,199,204,141,200,207,140,199,189,143,198,2
205,141,200,187,145,198,223,132,162,196,141,198,222,130,174,2
135,93,156,133,95,155,148,93,157,122,96,155,132,94,155,4
129,94,157,102,97,155,149,96,156,127,95,154,147,95,155,4
129,94,155,138,96,152,162,99,151,137,98,151,136,95,155,4
161,94,154,170,93,157,157,95,156,144,98,152,160,93,157,4
167,93,158,170,93,158,146,97,150,165,95,155,117,95,156,4
152,97,154,133,98,154,163,94,157,146,97,155,152,103,149,4
141,98,153,165,97,154,157,97,152,170,95,153,170,97,158,4
171,102,146,149,98,151,52,111,137,56,111,136,149,97,150,4
125,96,155,118,97,153,125,94,155,109,95,155,140,94,154,4
154,98,154,158,105,150,156,94,154,173,94,156,154,94,158,4
171,94,156,173,93,158,168,93,157,172,96,155,155,98,152,4
171,97,151,166,95,154,151,96,155,154,99,152,168,95,154,4
144,94,156,138,95,154,174,100,150,173,101,149,164,96,152,4
144,98,151,144,98,149,157,102,143,159,102,142,143,99,148,4
141,96,154,124,93,158,161,92,158,136,94,158,154,92,159,4
176,94,156,173,93,157,150,95,155,140,98,152,169,96,154,4
169,95,155,176,97,156,169,97,153,171,103,151,171,95,155,4
139,96,152,132,98,152,156,101,144,37,116,134,134,97,151,4
162,95,158,129,96,154,125,98,155,166,93,160,139,99,152,4
170,95,156,165,99,151,155,101,148,170,95,156,174,94,156,4
173,100,150,150,95,153,43,117,131,124,99,147,126,102,145,4
165,98,150,138,96,150,61,117,130,46,109,138,171,99,151,4
156,92,156,141,94,155,158,98,149,133,96,154,141,95,153,4
143,95,156,121,97,154,148,97,153,176,94,155,156,94,156,4
170,93,158,168,93,157,164,94,157,145,93,156,168,93,159,4
176,94,155,177,95,154,108,96,149,139,96,154,176,95,152,4
138,95,154,127,96,154,145,97,152,159,99,151,152,95,155,4
135,96,153,140,97,150,124,98,147,154,98,149,141,99,150,4
133,94,157,152,94,156,166,92,158,134,94,157,149,92,157,4
173,96,152,171,97,151,141,97,153,176,95,155,173,99,148,4
151,95,153,157,94,156,155,100,148,134,103,143,138,97,154,4
150,98,151,172,96,153,158,99,147,135,96,153,137,95,154,4
171,95,155,145,98,152,168,99,148,169,93,159,141,95,156,4
178,94,157,179,94,156,156,96,153,146,96,152,179,94,155,4
159,94,160,148,95,157,165,103,146,161,102,149,145,96,155,4
138,96,154,132,96,155,164,99,146,132,101,148,128,97,152,4
113,95,156,114,95,155,131,96,154,109,97,153,133,93,157,4
174,94,155,171,94,154,161,100,145,66,119,134,174,94,155,4
165,94,157,167,93,156,162,94,155,138,106,147,149,95,155,4
138,95,154,137,95,154,161,96,149,46,112,132,152,93,158,4
128,95,156,124,94,155,151,95,154,132,95,153,152,93,155,4
175,93,156,177,95,155,150,99,151,173,95,155,170,95,153,4
168,93,157,172,92,157,158,94,156,150,95,152,169,93,156,4
158,93,157,150,101,149,177,99,148,162,94,155,154,93,158,4
129,98,151,121,97,153,124,102,146,159,96,156,132,95,154,4
131,97,154,137,94,157,112,100,150,166,95,152,135,96,153,4
190,105,139,165,92,156,150,101,146,164,98,155,137,95,154,4
147,95,157,173,104,144,147,94,157,151,96,152,133,100,150,4
159,93,156,157,94,156,189,100,147,142,95,155,151,96,155,4
146,97,152,157,94,156,155,98,149,145,102,156,172,97,151,4
114,94,157,179,101,148,126,95,155,164,95,157,126,96,155,4
139,95,156,132,95,156,160,95,154,169,95,155,137,99,152,4
160,92,157,157,94,155,135,93,155,143,97,153,157,93,156,4
133,95,154,130,95,156,137,97,153,152,94,155,171,94,155,4
149,96,153,131,94,155,150,96,154,162,96,154,134,95,155,4
151,98,151,146,106,147,136,99,150,163,96,154,146,97,155,4
131,95,153,139,94,156,159,94,154,164,97,155,159,93,155,4
172,95,152,178,99,149,175,93,158,154,95,153,167,92,157,4
114,95,156,116,93,155,145,95,154,116,96,154,133,93,156,4
147,108,140,157,108,142,169,101,148,159,96,152,125,97,154,4
146,96,154,120,97,156,150,96,154,152,96,154,136,98,160,4
165,100,152,158,101,148,164,94,159,160,94,158,151,100,150,4
143,94,155,146,94,155,145,99,149,101,109,139,169,98,151,4
168,96,153,172,102,148,140,97,151,178,95,153,169,96,152,4
149,94,152,146,96,150,167,95,154,157,92,152,150,93,152,4
162,96,151,151,95,149,166,91,155,165,94,152,154,95,151,4
171,91,154,172,93,153,136,93,151,170,92,154,168,92,153,4
123,95,151,165,94,151,139,96,150,159,94,152,171,94,150,4
147,94,154,154,99,150,139,94,158,151,93,155,148,95,155,4
143,95,154,134,98,150,168,93,159,155,92,158,140,103,149,4
164,94,156,166,93,157,201,109,142,127,95,153,160,93,155,4
166,99,149,198,108,138,173,95,153,158,96,153,151,98,150,4
97,102,153,119,98,151,115,95,153,140,98,148,132,96,157,4
122,95,154,104,97,154,153,96,152,149,96,154,128,100,155,4
122,95,154,123,97,153,155,94,156,161,93,159,144,93,158,4
162,95,155,134,94,154,162,93,156,165,93,158,135,97,153,4
119,97,152,123,100,153,154,98,152,160,99,149,130,96,155,4
135,100,151,106,108,141,134,97,153,117,99,152,115,98,154,4
147,96,155,108,99,153,149,94,157,142,96,154,89,100,152,4
150,95,155,150,95,156,182,102,143,144,94,154,144,97,152,4
128,98,150,128,94,156,142,96,156,129,99,152,121,99,151,4
108,98,153,107,100,150,121,95,154,149,97,150,122,98,154,4
125,100,150,133,101,149,160,94,157,120,100,150,131,95,157,4
156,94,154,116,96,154,149,99,148,191,103,143,154,94,157,4
131,96,155,123,104,148,153,94,156,165,93,159,61,128,124,4
159,97,150,112,96,154,170,99,147,139,98,151,164,100,148,4
113,98,149,129,98,147,138,97,148,162,97,150,115,100,148,4
169,109,139,148,104,146,169,100,147,154,101,144,142,99,150,4
107,98,151,74,112,138,151,93,156,139,95,154,124,99,150,4
159,101,144,153,100,145,160,97,147,144,96,146,148,96,151,4
158,95,150,157,97,152,161,96,150,154,99,145,205,106,135,4
158,96,148,118,100,148,172,96,149,175,97,148,116,100,149,4
142,96,154,148,96,154,157,95,156,144,97,153,152,95,156,4
125,96,154,133,95,154,153,94,157,131,95,154,151,96,155,4
117,99,153,117,98,151,109,106,149,124,98,151,148,99,154,4
147,104,145,138,99,147,148,105,148,153,98,149,121,99,151,4
124,95,154,134,95,155,126,95,152,165,93,155,143,99,150,4
145,100,150,135,96,152,168,95,153,147,95,155,135,100,149,4
162,94,157,124,98,150,166,94,157,159,94,156,145,94,156,4
130,95,154,129,95,153,134,97,151,131,93,154,171,100,145,4
141,94,154,133,96,154,137,95,153,164,96,152,160,95,160,4
169,94,154,152,97,152,169,94,153,172,94,154,136,100,148,4
143,99,150,143,96,152,166,93,156,130,99,151,156,96,151,4
161,95,154,140,96,150,166,93,157,122,98,150,135,95,153,4
144,97,153,135,97,153,150,95,152,154,96,152,146,106,148,4
149,96,151,135,99,154,155,97,151,152,98,152,142,97,151,4
160,95,155,135,97,153,160,94,156,132,98,152,158,94,157,4
131,95,152,138,96,152,129,98,152,146,96,151,109,98,151,4
144,193,192,136,191,190,153,184,185,149,193,192,169,174,170,5
130,198,190,142,198,192,144,191,189,147,190,191,145,199,190,5
146,196,192,148,195,191,156,187,192,145,196,191,145,195,190,5
158,181,183,143,201,191,145,194,192,151,191,191,150,193,191,5
124,189,186,120,189,186,146,184,187,120,187,187,143,196,189,5
146,196,191,141,195,191,145,198,193,146,198,191,135,189,184,5
142,199,189,148,195,191,144,185,183,57,132,127,144,199,191,5
137,201,191,143,197,192,150,192,192,139,197,188,141,202,191,5
147,189,191,146,187,192,146,189,190,137,191,186,174,166,171,5
142,202,191,143,200,192,147,196,191,144,199,191,148,195,190,5
146,197,191,143,200,191,150,189,192,145,198,191,143,199,193,5
144,199,191,145,199,190,144,199,190,150,192,189,143,201,190,5
149,193,192,144,195,192,54,155,147,151,191,190,157,186,189,5
143,199,192,146,197,192,141,202,192,145,196,190,148,195,192,5
158,182,187,136,191,189,154,189,191,151,183,189,145,194,191,5
154,189,192,150,193,192,145,198,192,142,199,192,151,191,191,5
144,200,191,153,190,190,137,182,185,147,196,189,140,199,191,5
145,198,189,211,148,150,145,196,192,147,188,184,148,195,190,5
135,198,191,141,192,190,94,159,162,149,186,190,142,200,191,5
182,153,160,147,196,191,144,199,191,147,196,191,147,194,192,5
155,188,192,143,200,192,150,192,192,143,199,191,148,189,187,5
143,200,190,141,202,192,152,191,189,144,195,190,141,201,191,5
135,188,188,137,190,188,125,175,174,187,162,162,141,188,190,5
141,202,192,140,198,191,142,202,190,142,199,192,143,201,192,5
149,194,193,154,189,193,148,195,191,152,191,191,148,195,192,5
147,196,192,162,181,189,147,196,190,146,197,191,141,202,191,5
149,194,190,146,196,190,169,175,179,143,201,192,134,193,188,5
147,197,191,148,195,191,212,149,141,141,203,191,145,199,190,5
135,195,190,141,194,190,140,201,191,153,188,192,136,196,190,5
145,198,191,128,194,189,144,200,192,145,198,191,134,197,189,5
146,197,192,140,186,187,140,194,192,144,199,190,144,199,191,5
144,196,192,145,199,192,155,188,192,145,198,189,148,192,188,5
111,188,183,115,192,185,107,166,163,151,187,191,40,150,147,5
146,197,192,143,200,191,141,202,192,153,190,191,140,198,191,5
145,199,190,144,200,191,146,198,191,141,200,192,130,188,186,5
145,198,190,144,196,188,143,200,191,145,198,191,145,198,192,5
118,190,184,117,188,184,136,195,190,133,191,188,129,191,187,5
147,194,192,147,196,191,134,197,190,155,183,183,125,197,187,5
145,198,192,143,192,192,143,200,192,146,197,190,119,195,186,5
142,202,191,147,196,190,141,203,191,144,200,191,147,196,190,5
107,187,181,100,187,181,137,187,189,133,187,188,108,183,179,5
144,198,191,119,194,186,143,200,191,141,196,191,116,194,185,5
143,200,190,127,195,188,140,200,192,142,202,191,138,200,190,5
149,194,189,148,195,188,146,198,191,141,203,191,146,197,191,5
134,196,188,113,186,183,144,190,191,120,188,184,117,189,185,5
139,201,191,131,196,188,131,191,187,138,195,189,155,188,181,5
135,198,189,119,195,186,141,200,192,144,199,191,122,193,186,5
140,201,192,144,200,189,141,202,191,142,201,190,142,201,191,5
148,195,191,144,200,192,146,197,192,143,198,192,143,200,193,5
148,195,191,147,195,192,142,202,191,130,192,187,142,201,192,5
129,195,188,130,195,187,154,177,177,121,189,185,147,187,189,5
142,191,190,150,193,191,198,155,158,145,197,189,189,160,158,5
145,198,191,147,195,190,147,196,189,142,201,191,146,197,190,5
148,195,191,143,195,191,142,201,192,142,201,191,147,196,191,5
137,187,185,124,186,186,161,179,175,143,190,190,129,191,186,5
126,195,188,123,196,187,146,197,191,145,195,191,123,195,186,5
144,200,191,145,198,191,153,190,190,145,198,191,145,199,190,5
150,193,190,145,198,192,145,198,191,144,200,191,144,200,192,5
107,186,181,103,188,180,153,179,183,111,187,183,112,189,181,5
128,196,188,138,197,190,132,200,189,133,187,187,145,193,190,5
137,193,188,119,190,185,138,182,185,160,180,180,115,191,184,5
157,186,189,139,202,191,149,194,190,139,200,190,130,196,188,5
144,200,191,145,193,190,150,193,190,147,196,192,138,201,192,5
164,180,172,142,196,192,154,190,183,144,199,192,148,195,191,5
185,166,156,131,188,187,138,195,191,144,189,190,133,191,188,5
123,195,188,122,196,187,145,198,192,147,196,192,122,196,186,5
149,194,191,147,196,192,150,193,192,146,197,191,145,199,190,5
145,196,191,128,199,189,147,195,192,137,199,190,153,190,191,5
125,191,187,110,188,184,144,182,182,141,192,191,121,194,186,5
145,198,191,126,197,188,149,194,192,150,193,191,167,177,181,5
153,190,190,143,200,191,69,149,144,144,200,191,138,201,192,5
144,199,192,155,187,188,144,199,191,148,195,191,147,195,191,5
128,184,185,147,177,180,117,188,184,131,179,185,123,189,185,5
127,196,187,108,190,182,146,196,189,152,190,191,121,194,186,5
136,194,189,142,196,191,149,194,192,138,197,191,126,197,187,5
147,196,191,147,196,190,96,160,156,151,191,189,143,197,192,5
123,186,184,109,189,183,138,184,187,118,184,183,133,186,186,5
135,198,190,135,192,187,143,201,191,132,197,189,147,196,191,5
125,196,188,125,197,188,146,197,190,143,197,192,121,196,186,5
138,194,188,133,197,189,144,185,173,147,196,190,58,140,138,5
124,190,185,119,184,183,149,186,189,134,189,190,120,192,185,5
119,195,185,119,196,186,125,194,186,137,196,190,129,195,188,5
123,195,187,124,193,188,119,191,186,152,186,189,132,194,188,5
131,193,188,133,178,179,149,193,190,144,194,189,130,194,188,5
146,197,192,122,197,187,146,196,192,147,196,191,125,195,186,5
143,195,191,128,197,188,145,199,190,144,200,191,145,198,192,5
138,178,183,165,157,159,138,186,189,142,181,185,122,191,186,5
139,195,191,134,200,189,149,194,190,147,196,191,134,196,189,5
130,196,188,127,194,188,154,189,191,130,197,189,123,197,187,5
138,194,190,143,198,192,147,196,191,141,194,191,71,150,146,5
115,185,183,133,185,186,129,186,187,142,183,186,132,184,185,5
131,195,189,138,196,191,148,195,190,127,197,188,131,192,188,5
140,192,191,145,195,192,150,193,192,146,198,191,127,194,189,5
138,195,190,140,199,191,147,196,191,143,199,191,148,195,191,5
114,189,183,122,182,183,128,184,181,114,184,183,141,183,181,5
120,190,186,122,190,185,124,191,186,129,191,189,127,195,187,5
110,187,183,110,188,182,145,189,190,144,189,191,107,186,181,5
130,194,190,139,191,188,147,196,191,155,188,190,110,192,184,5
141,196,191,142,197,191,146,195,191,148,195,191,115,193,185,5
135,195,190,138,197,191,149,190,187,141,200,191,147,196,191,5
128,190,187,122,189,186,83,142,136,153,184,190,119,190,186,5
124,195,187,121,196,186,129,196,188,128,193,187,119,195,186,5
129,195,188,124,196,186,151,192,192,127,193,187,127,196,187,5
140,195,191,124,191,186,146,193,188,149,194,192,147,196,191,5
137,188,189,136,190,188,134,186,188,141,186,189,147,193,192,5
144,200,192,146,197,191,144,194,189,149,193,190,143,201,191,5
136,200,191,143,195,191,151,192,189,147,196,191,123,186,180,5
149,193,193,137,191,189,155,184,187,137,192,189,146,197,191,5
45,144,93,84,136,99,46,146,87,120,135,95,58,138,100,3
60,153,77,167,132,107,62,153,76,64,156,73,46,151,82,3
71,147,83,65,151,78,69,145,84,45,145,90,57,147,84,3
83,143,85,92,144,81,80,145,82,81,145,81,101,143,85,3
30,145,94,28,141,98,52,148,84,33,143,95,36,150,88,3
45,153,82,37,151,85,55,152,78,45,152,82,37,145,92,3
68,149,80,65,150,79,62,146,85,49,149,85,69,143,88,3
51,151,81,76,143,85,49,150,85,50,153,79,58,149,81,3
56,141,92,184,129,114,42,133,104,40,146,90,43,143,92,3
38,156,80,30,154,82,58,147,85,36,153,83,39,152,83,3
55,157,73,46,148,85,63,155,72,56,133,108,52,142,92,3
40,153,82,66,148,81,82,149,78,62,152,77,60,149,82,3
65,143,88,48,146,87,28,129,116,56,146,86,61,144,87,3
51,150,83,60,144,87,45,151,82,52,152,80,70,144,85,3
73,132,108,81,130,109,66,133,105,64,147,82,63,137,98,3
45,154,80,29,151,87,43,150,84,40,151,84,36,155,81,3
45,145,89,56,144,87,58,144,90,44,147,88,51,143,92,3
74,144,84,75,145,83,52,151,80,68,147,82,58,150,79,3
43,143,94,36,143,94,62,141,92,43,141,95,48,144,92,3
80,145,82,52,157,76,48,151,82,40,145,91,46,149,83,3
69,148,80,79,140,90,70,148,80,75,141,90,118,127,113,3
50,149,83,53,148,84,79,144,84,48,154,79,55,145,87,3
64,145,87,45,160,73,60,129,119,61,138,97,45,160,74,3
34,147,90,108,138,94,42,146,89,57,148,83,35,151,85,3
66,146,87,42,156,79,56,147,85,54,140,97,54,157,74,3
102,139,92,73,145,84,49,154,77,36,150,87,72,134,100,3
50,151,83,43,148,86,31,138,101,54,148,85,71,146,84,3
47,158,75,51,153,78,76,147,81,23,138,106,50,153,79,3
28,148,91,88,133,100,36,154,82,98,132,106,38,152,83,3
38,158,77,64,154,74,29,148,90,27,153,84,62,144,88,3
70,142,88,85,142,86,61,151,80,102,142,83,36,149,88,3
58,150,80,98,141,90,62,150,79,50,153,79,65,151,77,3
36,149,88,88,140,93,46,145,89,33,151,86,24,144,96,3
56,158,71,51,154,78,57,147,87,65,148,82,28,152,86,3
35,147,89,35,147,89,40,150,86,32,148,91,39,152,84,3
40,159,75,63,147,84,42,159,76,66,144,90,45,154,80,3
15,138,107,15,138,107,20,141,99,20,137,105,17,143,100,3
36,148,88,23,146,94,61,146,85,43,153,82,17,139,104,3
68,142,88,176,130,108,47,147,89,115,132,103,20,141,99,3
83,146,81,69,154,74,79,145,81,45,157,76,85,145,80,3
31,142,98,58,136,102,39,148,88,36,145,93,33,145,93,3
24,153,86,36,147,90,30,152,86,26,147,93,26,152,87,3
98,136,94,25,144,95,40,153,82,64,147,82,35,149,87,3
64,155,73,67,153,75,37,156,79,48,160,72,57,158,72,3
17,137,107,36,141,98,15,138,107,19,137,106,11,132,117,3
18,142,101,25,143,99,35,146,91,40,146,90,24,144,97,3
51,149,85,73,139,93,43,155,80,50,149,85,42,145,92,3
47,160,73,61,150,80,75,148,79,50,158,74,76,149,77,3
61,149,82,79,144,86,64,147,84,40,154,82,66,150,79,3
69,151,78,71,142,91,63,153,77,61,150,80,66,153,76,3
34,147,89,18,139,104,58,155,75,59,148,83,16,138,107,3
42,144,92,28,141,99,98,144,85,136,131,114,21,147,94,3
78,143,88,48,149,85,96,138,93,35,156,80,74,143,87,3
70,147,83,45,151,83,81,144,83,64,150,80,56,155,75,3
33,150,88,40,138,101,43,153,81,43,148,87,34,151,85,3
26,145,96,46,147,88,57,143,92,54,143,93,21,148,92,3
46,153,81,71,143,87,53,150,84,40,145,92,52,148,86,3
51,150,83,45,152,81,45,150,85,47,159,75,61,153,76,3
37,145,93,35,150,87,26,141,99,28,141,98,33,131,119,3
51,156,76,51,143,93,52,156,77,67,155,75,54,146,88,3
31,150,88,48,142,94,60,142,92,51,150,84,20,147,93,3
61,147,88,48,149,86,53,152,81,54,152,80,26,145,96,3
105,137,94,74,140,93,155,128,114,63,148,82,33,145,94,3
73,141,93,100,137,99,62,152,77,51,148,86,102,134,103,3
21,144,97,42,146,91,25,144,95,47,147,88,23,143,99,3
36,145,92,26,146,94,40,165,70,38,145,92,23,145,95,3
78,146,82,29,147,92,60,156,73,73,147,82,56,156,75,3
50,151,83,94,137,95,68,151,77,66,146,84,39,148,90,3
37,140,97,43,150,84,64,132,113,150,130,108,37,141,97,3
60,152,79,58,152,84,53,152,80,77,141,93,38,153,83,3
51,154,79,27,142,98,52,159,72,47,156,77,55,147,88,3
61,155,75,63,144,88,91,144,84,66,152,77,63,145,88,3
25,145,96,25,144,96,38,145,92,34,143,95,54,141,97,3
70,148,81,42,142,96,79,142,88,101,140,87,42,147,89,3
58,144,89,33,144,95,53,152,80,60,151,80,33,143,95,3
53,158,72,35,146,93,71,148,79,53,158,74,60,155,76,3
40,149,87,29,146,94,74,145,86,49,149,86,35,146,91,3
49,145,91,43,148,88,53,142,95,56,148,84,38,147,91,3
34,149,89,29,152,86,24,152,88,45,146,90,28,148,91,3
49,152,82,42,147,90,68,152,78,42,153,82,54,146,87,3
42,147,89,45,145,91,42,147,89,39,141,97,24,133,113,3
26,145,95,19,143,100,28,141,100,61,146,86,37,150,87,3
24,144,97,19,145,96,21,145,95,24,146,95,25,144,96,3
52,153,80,59,150,80,67,129,119,41,152,83,72,148,80,3
77,148,80,60,137,99,108,136,93,53,153,78,33,144,94,3
68,145,84,51,148,85,52,150,83,38,147,88,72,146,81,3
30,140,100,31,142,97,36,141,97,35,141,97,32,145,93,3
48,144,90,38,150,85,83,149,76,61,152,77,40,147,88,3
93,142,84,68,142,90,55,146,86,38,156,80,52,155,76,3
39,145,91,27,148,91,79,137,93,40,150,84,42,141,97,3
58,141,91,43,142,93,73,136,98,41,149,85,40,155,79,3
71,144,85,68,147,83,72,146,83,95,142,82,34,148,89,3
32,146,91,25,148,93,41,154,81,49,146,87,34,149,89,3
80,140,88,43,148,87,62,160,67,52,140,93,85,143,83,3
51,138,96,41,142,94,39,140,96,72,138,94,42,145,90,3
45,149,84,38,152,83,83,142,85,46,150,83,53,147,86,3
34,137,100,28,141,98,146,129,105,61,150,80,28,144,95,3
56,151,80,38,151,85,61,156,73,61,155,75,42,149,86,3
56,148,84,73,141,89,206,125,111,77,141,89,36,143,94,3
46,142,93,38,146,90,82,144,83,45,143,91,48,142,92,3
74,149,79,61,143,90,60,150,80,63,141,91,49,150,84,3
55,149,84,43,148,88,68,152,75,46,154,79,38,150,84,3
42,142,94,33,152,84,50,153,79,43,143,93,32,150,87,3
61,144,89,61,146,86,63,143,88,61,140,91,40,142,95,3
26,138,102,20,138,104,35,142,97,73,139,92,35,144,95,3
40,145,94,29,147,92,62,153,77,44,145,92,33,147,91,3
63,136,99,53,142,95,61,149,81,87,137,95,34,144,96,3
40,144,92,38,146,90,46,143,94,38,148,87,53,149,84,3
190,148,147,195,149,148,171,147,145,195,148,147,219,141,141,6
205,147,146,211,147,148,176,143,139,199,147,145,193,147,146,6
187,151,146,223,142,142,193,147,144,205,147,148,197,154,154,6
223,142,140,220,144,143,185,151,147,180,151,149,216,146,144,6
188,150,145,164,148,143,207,146,142,183,147,142,195,151,146,6
191,148,144,191,150,149,196,148,144,192,149,147,185,148,144,6
193,149,143,201,149,144,192,148,144,195,150,146,169,148,147,6
183,150,143,185,148,142,58,133,131,187,152,147,70,139,133,6
196,150,146,189,151,149,199,144,142,202,149,145,167,149,145,6
163,150,148,158,150,150,165,151,151,186,149,146,170,151,150,6
172,156,155,173,155,152,188,152,151,170,152,149,178,158,157,6
186,152,147,190,150,145,53,136,133,72,139,134,190,155,152,6
200,151,147,195,145,139,198,149,144,207,148,141,198,148,143,6
187,154,151,186,154,151,200,146,140,202,147,143,198,152,148,6
191,153,150,173,151,148,188,153,148,170,152,148,179,152,148,6
199,150,147,199,150,148,198,146,144,193,145,141,204,146,139,6
196,147,142,208,145,140,200,147,142,192,145,140,190,152,147,6
189,153,146,188,149,144,190,148,143,202,150,144,189,150,145,6
188,151,146,194,151,146,194,150,145,199,148,145,147,155,152,6
189,149,144,177,150,148,200,146,143,187,148,144,189,149,146,6
184,154,150,183,151,149,193,150,144,187,157,153,192,148,142,6
189,153,145,181,151,147,196,148,143,195,150,144,179,147,141,6
165,150,146,161,152,145,190,148,142,166,148,145,186,150,145,6
147,148,146,180,147,143,165,149,146,195,149,146,163,151,148,6
180,151,144,185,151,146,186,152,146,185,150,144,188,152,146,6
191,151,148,191,151,147,192,151,148,190,149,144,195,149,146,6
178,153,150,199,148,144,181,152,147,182,157,153,199,146,141,6
186,148,142,189,150,147,191,150,143,188,149,144,195,149,144,6
189,150,144,191,150,146,189,149,144,202,148,144,186,149,143,6
190,149,145,192,150,147,201,149,142,186,153,148,183,152,148,6
198,146,141,176,152,149,202,146,141,181,156,153,195,147,142,6
193,151,148,200,148,142,186,150,144,189,151,146,201,148,142,6
173,151,146,194,151,147,184,153,149,197,150,147,175,151,148,6
181,150,145,193,150,147,196,148,143,195,150,147,186,150,147,6
180,153,151,180,149,145,184,155,151,186,156,153,197,147,142,6
190,148,141,187,146,140,103,142,134,184,152,146,174,146,140,6
146,153,149,147,152,149,151,153,148,149,151,147,163,151,146,6
186,148,143,179,148,145,185,154,150,196,148,143,178,149,144,6
154,152,150,157,151,149,172,152,147,196,151,147,68,142,136,6
194,149,144,165,150,149,194,149,142,198,148,144,195,149,144,6
189,150,144,177,150,147,199,149,143,190,149,143,193,151,145,6
170,152,147,181,147,143,180,156,152,196,147,142,174,155,150,6
189,151,146,192,151,148,201,148,144,199,148,145,180,152,148,6
194,149,144,188,149,144,194,149,144,194,149,143,143,149,145,6
160,154,151,159,154,152,185,152,146,146,153,150,164,150,149,6
135,159,158,147,154,152,143,155,154,197,147,143,151,158,157,6
157,151,149,188,151,146,159,152,151,200,150,147,162,148,147,6
200,148,143,200,151,144,188,152,146,193,153,148,197,148,144,6
193,151,147,195,151,148,193,150,145,194,149,143,165,148,144,6
199,148,143,193,151,145,199,150,144,190,150,144,199,148,143,6
155,152,149,158,152,150,150,150,148,204,150,146,155,154,153,6
148,154,152,141,157,156,203,147,142,197,147,143,145,156,155,6
195,151,147,88,137,131,196,151,147,195,151,146,194,152,149,6
181,149,142,183,150,143,164,147,142,199,152,148,197,148,144,6
179,152,147,185,152,146,193,152,148,199,150,147,186,154,148,6
205,150,144,149,157,157,190,150,144,203,148,143,195,148,143,6
188,149,144,197,149,145,188,149,144,205,149,144,194,151,147,6
199,148,143,219,143,138,193,150,144,189,153,149,199,148,144,6
149,152,149,144,153,152,184,153,147,195,151,146,150,155,153,6
143,155,154,139,157,155,149,153,152,142,153,151,155,155,156,6
197,149,147,195,150,146,203,150,142,197,151,146,189,151,147,6
197,149,143,189,146,142,193,150,144,197,148,142,156,157,156,6
195,150,147,194,152,146,194,149,145,198,149,143,193,151,147,6
196,149,144,192,148,142,150,144,138,197,149,142,198,148,144,6
195,150,146,187,150,148,195,151,146,196,152,148,168,151,148,6
174,148,145,169,151,146,198,147,142,163,152,149,182,147,143,6
190,149,145,182,151,144,198,149,146,193,151,145,194,150,148,6
175,151,147,181,149,144,174,152,147,178,155,151,170,149,144,6
183,152,147,176,150,147,190,152,146,191,150,146,177,151,147,6
192,149,142,185,148,142,158,153,149,194,148,142,149,157,156,6
197,150,144,190,150,147,196,147,142,194,150,145,190,150,148,6
197,149,144,195,148,142,159,146,140,188,152,148,198,148,144,6
168,149,147,179,153,151,200,149,148,158,149,146,164,152,151,6
139,156,155,136,157,157,137,152,151,202,147,143,152,157,156,6
149,154,149,153,155,151,196,148,144,185,152,148,150,153,152,6
192,151,149,163,149,147,193,148,144,196,151,147,177,151,148,6
181,149,145,168,151,149,187,150,146,175,147,144,170,150,147,6
202,146,141,189,148,143,200,149,143,204,147,141,189,147,142,6
193,148,142,183,149,145,201,147,142,194,148,142,160,153,150,6
194,150,147,185,149,145,198,149,146,180,150,145,186,149,145,6
149,155,153,145,154,152,143,154,152,199,150,145,165,154,151,6
153,148,145,144,150,148,196,146,138,205,147,140,170,150,145,6
149,153,148,161,154,150,201,148,141,162,148,144,162,150,146,6
208,148,144,206,146,140,203,145,139,65,129,124,198,150,146,6
194,145,141,145,153,151,199,148,143,186,151,148,59,136,130,6
200,150,147,200,147,143,175,145,141,194,150,148,198,150,147,6
154,152,149,154,151,149,152,150,148,187,148,145,179,152,150,6
162,144,141,168,146,144,214,145,141,212,144,140,163,145,142,6
171,148,145,162,148,146,209,145,141,170,151,149,153,147,142,6
199,148,144,192,149,146,199,149,144,200,150,146,198,149,146,6
175,145,140,174,146,141,209,148,141,181,144,140,145,153,150,6
168,143,140,160,144,139,182,146,141,181,144,140,156,145,139,6
190,146,142,174,149,148,202,147,142,196,146,141,169,149,146,6
172,149,145,181,149,144,167,147,144,194,148,146,196,149,146,6
177,149,143,174,148,145,185,151,145,189,148,144,177,149,144,6
144,150,149,132,154,152,203,143,139,216,142,137,146,153,151,6
191,151,146,162,154,148,197,150,146,172,148,144,207,142,135,6
199,145,141,186,146,141,204,146,142,203,144,136,156,156,150,6
195,147,139,179,150,146,200,147,144,207,151,144,188,149,143,6
167,148,147,169,150,145,167,149,145,187,150,145,189,150,147,6
150,154,149,146,152,148,147,152,148,200,149,146,168,151,148,6
153,151,150,152,154,154,204,146,141,207,144,142,150,153,151,6
141,150,147,145,155,151,201,147,142,196,149,143,81,144,138,6
158,147,146,170,148,146,198,149,146,158,146,146,165,147,145,6
194,148,144,181,152,148,204,149,145,212,148,146,174,147,144,6
218,144,142,211,145,141,217,145,142,217,145,142,186,154,153,6
215,146,142,194,145,143,218,145,142,212,145,142,216,146,143,6
195,146,144,59,127,123,208,149,148,170,145,141,65,129,123,6
81,165,146,62,161,147,69,154,137,72,164,145,65,153,139,7
55,161,149,58,162,146,58,161,147,78,172,154,54,164,153,7
54,165,153,86,166,149,61,164,152,61,169,158,68,159,142,7
83,166,145,110,161,139,59,160,143,59,160,145,102,162,140,7
44,160,148,36,156,145,78,164,143,39,156,144,57,166,152,7
56,167,155,36,152,140,55,167,154,62,170,159,27,151,140,7
36,156,146,39,159,147,43,158,148,78,158,135,41,158,148,7
43,157,142,71,173,156,76,160,143,47,161,148,66,162,145,7
65,167,150,54,161,148,69,162,144,89,164,141,42,158,144,7
33,152,141,31,151,140,36,156,146,33,151,139,18,139,132,7
58,169,155,59,163,147,58,164,152,42,159,148,58,166,152,7
38,156,143,73,168,151,50,163,151,62,162,142,46,161,150,7
59,167,155,51,161,146,69,164,144,58,169,158,97,166,144,7
67,165,147,67,173,160,82,164,143,61,159,145,50,158,142,7
26,148,138,27,149,138,30,149,139,30,150,138,36,153,142,7
33,155,145,36,145,137,34,155,143,80,157,142,43,151,140,7
98,157,133,64,169,156,51,165,153,128,146,129,45,161,149,7
54,162,149,132,156,134,56,163,152,109,161,138,66,165,147,7
52,159,144,43,155,143,59,167,155,67,165,145,11,132,127,7
62,158,140,63,166,157,60,159,141,58,159,145,66,161,149,7
80,160,139,68,166,146,89,172,144,69,164,143,55,166,154,7
57,162,149,65,172,162,69,165,148,43,159,147,53,160,148,7
27,148,139,20,146,134,66,156,139,33,151,139,28,150,139,7
51,154,139,33,150,139,115,154,132,58,166,149,27,143,136,7
54,163,151,66,173,162,65,171,161,52,164,151,48,164,152,7
81,179,168,80,166,143,50,165,153,78,178,166,30,155,142,7
51,161,147,57,164,149,50,164,152,59,169,159,56,167,155,7
49,163,148,61,159,140,52,135,127,79,162,144,46,160,149,7
54,164,152,29,148,139,80,178,159,65,166,147,31,151,140,7
75,176,163,68,173,161,63,162,145,148,148,130,46,162,154,7
62,159,141,56,167,156,68,158,137,53,164,151,58,168,155,7
81,164,147,67,142,132,79,160,138,33,151,140,145,138,128,7
31,155,144,47,162,151,78,158,143,43,159,146,40,158,147,7
33,155,144,73,176,167,25,144,129,43,156,143,44,161,151,7
48,159,146,141,145,130,58,169,159,49,162,152,46,159,149,7
81,161,143,64,160,143,38,151,134,39,139,125,69,159,139,7
29,148,137,46,150,137,29,151,139,44,157,143,35,153,142,7
47,162,149,38,152,144,81,161,138,67,173,157,36,155,144,7
75,178,168,55,165,151,75,175,155,77,178,166,42,159,147,7
59,169,159,61,168,158,73,168,150,75,166,149,46,159,147,7
53,160,147,54,158,145,57,157,141,54,164,151,54,159,144,7
74,171,152,55,160,148,63,164,143,66,172,160,40,158,148,7
54,166,153,77,178,169,50,163,150,60,166,150,50,162,148,7
112,154,133,76,166,150,58,166,152,51,165,153,60,168,157,7
36,154,141,45,154,142,79,159,141,78,171,149,33,152,141,7
70,173,159,68,173,162,50,157,141,72,170,154,54,158,146,7
78,178,168,70,174,161,56,168,156,58,165,149,45,161,149,7
66,162,143,33,153,142,78,166,146,53,166,155,60,169,158,7
71,173,160,70,168,150,61,163,144,59,170,160,75,177,168,7
57,162,149,78,161,143,54,166,156,54,166,156,62,160,144,7
46,150,139,61,152,139,37,155,143,70,168,152,45,160,147,7
65,156,143,65,149,136,77,158,137,75,177,164,44,155,143,7
77,178,167,49,152,141,77,173,154,75,175,159,63,172,161,7
60,166,154,54,163,150,57,165,152,48,161,149,58,166,153,7
64,161,144,46,160,146,67,160,144,74,162,144,65,168,153,7
55,165,151,48,161,147,66,129,123,108,164,141,64,161,142,7
72,171,149,69,161,143,175,151,132,58,163,149,76,177,162,7
66,163,143,65,168,152,42,159,148,74,159,142,64,167,150,7
23,146,137,23,146,136,23,147,136,28,151,139,36,153,141,7
36,154,143,34,153,143,33,152,141,31,150,140,54,131,126,7
63,169,156,68,159,142,57,166,155,88,163,141,58,162,152,7
65,172,160,81,166,146,71,174,160,57,167,154,68,173,162,7
78,178,164,61,168,151,80,178,160,60,164,148,55,166,154,7
58,167,155,42,160,148,63,167,151,69,172,155,61,167,153,7
99,155,136,64,170,158,75,167,147,63,163,143,29,152,140,7
70,175,163,48,157,143,102,163,137,69,173,164,54,165,153,7
80,179,168,75,177,165,57,166,154,75,169,146,61,169,158,7
59,166,154,60,165,150,71,163,146,59,169,157,63,167,152,7
58,161,142,58,167,156,72,167,150,68,170,154,52,163,151,7
69,173,163,69,168,151,80,172,152,69,174,162,35,156,144,7
77,177,164,56,165,151,63,170,157,52,164,152,72,175,165,7
99,160,140,49,160,147,135,147,129,71,161,143,63,169,154,7
39,156,144,54,162,147,43,155,143,45,156,141,57,165,153,7
45,159,147,46,160,147,66,172,159,64,164,146,40,156,145,7
78,171,153,75,173,157,67,162,145,80,171,148,29,149,136,7
77,178,165,67,171,159,68,172,159,71,167,145,87,148,135,7
70,161,139,94,172,143,57,160,141,76,172,150,59,166,149,7
78,165,145,66,157,140,69,167,145,68,170,154,65,167,150,7
47,155,140,35,154,143,66,171,157,65,163,143,54,153,136,7
49,156,141,38,157,145,77,178,164,51,157,142,57,164,151,7
32,150,139,38,154,143,56,152,139,34,151,139,41,155,142,7
34,153,143,31,154,140,50,151,135,58,166,152,46,153,146,7
61,168,156,66,162,145,70,174,161,50,160,147,56,164,151,7
69,173,164,65,171,159,77,164,145,77,177,163,62,165,151,7
65,162,145,65,165,147,77,167,146,69,174,160,61,165,151,7
52,161,148,48,160,146,65,161,145,59,168,155,68,166,152,7
104,150,132,67,154,137,95,157,135,68,167,149,42,157,143,7
24,144,134,36,154,142,43,152,138,67,165,145,36,150,137,7
71,161,141,58,160,145,61,167,152,62,170,158,62,158,146,7
75,167,144,77,168,148,85,158,135,76,165,145,74,174,157,7
37,153,136,42,151,136,41,151,134,42,151,135,47,155,140,7
75,167,149,69,170,153,64,165,147,129,147,129,40,154,142,7
65,167,155,58,160,144,108,160,140,62,167,150,52,157,143,7
76,172,152,54,154,140,74,143,126,76,169,148,76,172,153,7
67,155,136,55,156,139,83,158,132,77,154,135,72,160,138,7
61,166,151,52,158,142,126,158,136,66,159,141,54,160,145,7
68,168,152,101,157,137,70,168,151,127,158,133,40,155,141,7
61,162,146,64,158,141,78,172,152,52,156,141,72,174,161,7
38,153,140,38,151,140,63,165,151,74,161,140,41,149,137,7
76,168,151,40,149,136,82,170,145,75,170,152,76,175,158,7
76,169,150,66,163,144,71,171,153,67,168,149,68,163,148,7
43,159,145,48,155,141,62,153,135,68,165,145,49,157,143,7
56,162,148,46,154,140,66,166,150,46,157,144,53,159,144,7
46,147,137,45,156,140,94,163,140,48,153,137,53,151,137,7
90,172,150,71,168,148,75,167,148,75,173,156,53,161,148,7
51,159,144,52,164,152,74,164,145,46,159,147,67,159,143,7
41,152,140,42,157,145,63,166,151,52,155,139,43,150,136,7
66,166,150,92,150,136,70,168,151,76,164,142,70,162,147,7
224,115,124,211,114,125,226,115,124,223,114,124,180,116,125,8
169,117,124,172,114,123,124,113,122,211,112,122,197,114,122,8
182,114,122,217,114,124,202,114,123,219,113,122,201,112,123,8
196,114,121,211,115,124,194,115,121,198,113,123,220,115,121,8
180,117,123,174,117,123,197,116,125,172,118,122,195,115,123,8
199,115,121,193,115,121,198,114,122,198,115,121,101,119,122,8
205,116,121,201,115,123,196,114,121,192,114,121,202,114,123,8
199,115,121,198,115,121,194,117,123,206,115,121,173,117,123,8
205,116,123,161,117,124,206,115,123,203,117,123,159,117,123,8
183,116,121,168,117,124,197,114,121,171,117,122,187,113,120,8
189,114,119,190,115,121,195,116,120,187,112,119,186,115,121,8
193,116,121,194,117,121,203,117,121,204,115,121,205,115,121,8
198,116,122,185,116,123,200,115,122,198,114,121,189,117,123,8
199,114,121,199,116,120,206,115,121,194,115,122,199,116,119,8
210,117,123,197,116,123,210,116,122,208,117,123,172,116,125,8
196,115,123,198,115,124,191,114,122,187,115,121,193,116,122,8
185,117,119,187,115,122,189,113,119,177,118,119,183,116,122,8
197,114,122,198,116,120,205,117,121,197,116,121,196,114,120,8
152,117,124,152,119,125,191,117,122,190,117,123,153,117,126,8
187,115,121,203,116,121,187,115,122,208,115,121,162,115,123,8
202,114,119,198,114,119,204,115,120,195,112,119,201,114,120,8
205,114,118,188,114,122,203,114,118,185,116,121,205,115,117,8
191,114,121,203,114,121,108,114,120,196,115,120,185,115,121,8
184,115,119,206,115,120,189,113,118,185,115,119,179,116,120,8
206,115,120,205,117,120,203,116,120,206,118,123,206,116,121,8
195,115,121,199,116,121,194,115,121,197,115,121,159,114,121,8
188,113,118,182,115,118,193,114,119,105,118,120,186,115,118,8
188,113,118,197,115,117,195,113,119,195,115,120,191,116,118,8
187,117,121,168,118,122,46,123,123,167,118,121,42,118,122,8
183,119,123,187,117,122,190,114,121,191,116,121,177,117,124,8
198,115,119,200,115,120,200,116,119,185,115,120,196,117,120,8
171,114,121,173,115,120,181,115,120,193,116,121,197,116,119,8
190,117,122,157,117,124,202,117,121,205,115,121,166,117,124,8
176,115,119,183,116,124,192,115,117,191,115,121,182,113,119,8
188,113,119,185,114,119,196,115,119,53,122,123,188,116,118,8
199,115,118,186,115,120,200,115,117,186,116,120,201,115,118,8
151,115,124,171,117,123,163,115,123,211,115,121,155,116,123,8
183,115,124,175,115,122,183,115,124,188,114,124,180,115,123,8
197,115,120,211,114,120,200,115,120,197,113,120,188,116,121,8
201,114,120,188,115,121,202,116,118,182,115,123,203,116,119,8
192,118,122,167,117,126,59,115,122,181,117,122,197,116,122,8
188,114,120,162,116,125,189,113,120,179,116,120,185,114,120,8
187,116,120,188,116,121,192,117,119,184,114,120,188,118,121,8
191,116,119,199,115,119,184,116,122,198,115,119,185,115,121,8
151,115,123,159,116,122,141,115,124,144,116,122,80,120,122,8
178,117,122,150,116,123,192,115,120,184,115,122,154,114,121,8
194,116,119,204,116,118,194,114,120,196,113,119,149,115,123,8
193,114,118,249,124,125,201,114,118,193,114,120,192,116,119,8
195,114,121,205,115,120,192,115,120,188,115,119,190,118,121,8
200,116,119,182,116,119,196,114,122,181,116,123,192,115,118,8
191,116,124,189,117,124,210,115,121,200,116,123,188,115,124,8
176,117,124,191,119,125,185,117,124,175,116,125,163,117,123,8
184,114,120,193,115,120,193,112,118,189,115,117,175,115,121,8
203,115,117,185,114,118,204,115,117,196,113,120,203,115,117,8
197,116,120,173,116,122,196,116,121,201,115,122,177,116,122,8
144,114,122,147,116,123,147,116,122,147,116,123,161,116,120,8
196,115,120,195,114,121,194,116,120,200,116,119,152,118,127,8
197,114,121,188,115,120,197,115,121,197,115,123,189,114,119,8
183,116,122,221,115,123,209,115,122,229,115,121,193,116,122,8
207,114,121,165,115,124,213,115,122,209,113,123,204,115,120,8
172,116,124,170,118,123,205,115,119,190,117,123,167,116,123,8
166,118,125,158,118,124,183,117,122,182,114,119,155,117,122,8
189,115,120,165,120,124,196,116,119,194,115,120,181,115,121,8
197,116,118,196,114,121,192,114,118,202,114,119,190,116,119,8
155,117,124,172,117,124,157,118,122,213,116,120,48,124,124,8
187,119,122,166,119,122,189,114,119,183,116,122,159,117,123,8
186,115,119,198,117,118,199,115,119,186,114,120,201,114,119,8
190,115,122,150,116,124,190,115,120,197,116,120,179,117,121,8
195,114,121,169,117,124,56,127,124,188,117,123,197,115,121,8
196,117,122,198,117,120,197,116,121,206,116,121,147,116,123,8
212,115,119,209,117,120,202,115,119,172,115,121,199,115,120,8
171,118,125,168,117,122,183,117,123,168,116,122,168,121,126,8
149,114,120,145,114,122,177,112,119,221,112,118,160,114,122,8
164,116,122,164,116,122,162,116,123,152,117,121,157,117,122,8
212,116,120,209,116,121,203,116,121,198,118,120,168,117,120,8
172,117,121,162,115,121,175,117,122,188,117,121,158,117,124,8
174,116,121,192,116,122,182,113,121,190,115,120,174,113,122,8
166,116,120,202,114,120,166,115,121,211,113,119,157,116,122,8
250,122,125,211,115,120,185,117,121,214,116,119,209,117,120,8
205,116,119,216,120,121,190,116,121,212,114,120,166,116,120,8
165,114,122,171,116,123,163,115,122,157,115,121,185,114,123,8
214,114,117,247,121,124,209,114,119,213,114,119,175,115,120,8
212,116,119,209,115,121,210,116,120,209,116,121,151,117,122,8
207,117,121,176,115,121,208,113,119,187,115,120,206,115,119,8
211,116,121,215,116,122,229,118,120,196,115,120,208,117,122,8
198,114,122,158,116,123,190,113,119,195,115,121,204,114,121,8
158,117,122,159,118,123,190,115,123,174,116,123,161,116,122,8
211,114,120,204,115,120,215,114,121,235,121,123,174,115,123,8
203,113,117,206,112,117,207,111,116,208,113,116,197,115,117,8
190,112,116,193,112,117,205,110,114,196,110,114,196,112,118,8
164,113,118,158,114,119,170,111,120,160,113,118,163,114,119,8
207,112,116,167,114,120,251,122,125,174,111,117,202,112,116,8
214,115,118,184,116,120,210,115,120,195,114,119,216,115,120,8
196,116,121,190,115,122,199,115,120,190,113,120,184,119,122,8
164,114,123,180,115,121,138,114,122,156,115,121,180,114,123,8
155,114,121,160,116,122,152,116,120,203,113,120,181,116,123,8
158,116,123,155,117,123,209,116,122,206,115,120,170,115,124,8
188,116,121,144,117,123,196,116,121,200,117,121,174,116,123,8
213,117,122,208,116,122,208,117,121,195,117,120,163,123,124,8
185,115,121,182,115,120,182,116,120,199,114,119,180,118,123,8
186,114,121,153,117,121,196,115,119,198,113,120,180,115,121,8
177,117,121,184,115,119,186,115,122,205,112,120,172,118,124,8
169,117,123,176,117,123,192,116,121,170,117,121,168,118,122,8
170,115,121,174,114,119,177,116,121,181,116,120,176,117,121,8
162,114,121,162,115,121,183,116,121,206,114,118,159,115,123,8
179,116,121,168,115,122,185,116,120,175,116,122,173,117,121,8
172,118,124,173,117,122,185,117,122,178,117,120,168,119,124,8
184,115,119,182,115,121,171,116,120,200,113,118,180,116,123,8
64,127,124,69,124,124,66,127,124,68,126,125,64,127,124,9
63,127,125,67,127,124,61,127,125,65,127,123,66,126,126,9
68,127,125,69,127,124,68,126,125,71,125,126,71,126,124,9
80,127,122,82,127,123,82,126,122,83,126,121,82,127,123,9
66,125,124,70,124,126,67,127,124,69,126,125,66,127,124,9
66,127,124,71,127,124,63,127,125,65,127,123,66,126,124,9
72,127,124,71,126,123,69,127,125,72,126,125,75,126,125,9
80,127,122,83,127,123,80,127,122,83,126,123,82,126,122,9
67,126,123,72,126,124,69,126,125,69,127,124,66,127,125,9
66,126,125,68,126,125,65,127,125,65,127,123,68,126,125,9
70,126,123,73,127,124,69,126,125,72,127,124,72,126,124,9
80,126,121,85,125,123,82,126,122,83,126,123,83,126,123,9
66,125,124,70,124,126,68,127,125,69,126,124,65,125,124,9
64,128,124,70,127,124,64,128,126,69,127,125,68,126,124,9
71,126,124,72,126,123,71,127,125,72,127,125,75,126,124,9
81,127,123,83,126,123,83,126,123,83,126,122,85,125,123,9
119,125,122,119,125,121,107,125,121,113,126,121,123,125,121,9
181,124,121,195,123,122,163,124,122,173,124,122,190,123,121,9
65,126,126,66,127,124,66,127,124,66,126,125,65,127,125,9
65,127,124,63,127,125,65,128,124,64,127,125,64,127,124,9
120,125,121,119,125,121,108,126,122,113,126,120,123,125,121,9
181,123,121,196,123,121,163,125,123,173,124,122,189,122,120,9
65,127,125,65,127,125,66,127,124,67,127,124,65,125,124,9
65,127,125,62,127,125,64,127,125,65,127,124,65,127,125,9
118,124,122,117,125,120,106,123,121,113,125,122,122,126,120,9
181,124,121,197,122,123,163,124,123,174,125,122,189,123,121,9
67,126,125,65,128,125,67,127,124,66,125,124,63,127,123,9
64,128,124,63,127,125,65,128,124,64,127,126,66,127,125,9
118,124,122,118,124,122,106,125,122,114,126,121,123,126,120,9
180,123,121,196,123,122,163,125,123,173,124,122,189,122,120,9
65,126,126,65,126,124,67,127,124,66,127,124,65,128,124,9
64,128,124,63,125,126,66,127,124,65,127,125,64,127,126,9
66,127,125,69,127,124,65,127,124,65,127,125,65,127,123,9
72,126,124,76,126,124,69,127,124,72,127,124,77,127,124,9
83,127,122,93,126,124,80,126,124,86,125,123,87,126,123,9
83,126,124,80,127,124,88,126,123,76,127,121,95,128,121,9
64,128,124,66,128,124,64,127,124,63,127,124,68,127,125,9
71,127,122,77,127,124,69,127,123,73,128,124,76,127,123,9
81,126,122,91,125,123,80,125,124,87,126,123,86,126,123,9
81,127,123,80,127,124,85,125,123,76,127,124,96,126,123,9
64,127,125,67,127,124,64,128,124,63,128,124,66,127,124,9
70,127,124,76,126,124,70,127,124,72,127,122,75,127,124,9
82,125,122,92,126,122,81,126,124,88,127,122,88,125,122,9
81,126,122,80,126,125,85,125,123,76,126,124,96,126,123,9
64,127,124,66,128,124,64,126,125,64,127,125,67,128,125,9
72,127,122,75,127,124,70,127,123,69,128,123,76,127,124,9
82,127,121,93,126,123,81,126,124,86,127,122,85,125,123,9
81,127,123,78,127,125,86,125,123,76,127,123,96,126,123,9
68,127,123,66,127,123,69,126,124,65,128,122,68,127,122,9
64,127,127,63,127,123,66,128,123,63,127,124,65,127,125,9
65,128,125,69,127,124,69,127,124,61,129,123,69,128,123,9
55,129,121,66,128,124,45,125,116,58,126,117,60,128,126,9
67,127,124,66,127,123,69,127,123,66,128,123,67,127,124,9
62,127,124,62,127,124,66,128,124,64,127,125,64,127,125,9
65,128,125,68,127,125,69,127,124,63,127,126,69,129,123,9
55,128,122,65,128,124,45,125,116,58,127,117,59,128,125,9
67,127,124,66,126,123,68,127,124,65,127,123,68,129,125,9
62,128,124,62,128,124,65,128,124,65,128,125,66,128,125,9
65,129,123,69,128,125,69,127,124,62,127,124,69,128,125,9
56,130,122,65,127,123,44,126,115,58,126,118,60,128,126,9
67,127,124,66,127,123,68,127,124,65,127,123,68,128,124,9
63,127,123,61,128,124,67,129,124,64,127,125,64,127,125,9
66,127,124,70,129,124,68,129,123,64,127,125,70,129,122,9
54,130,121,65,128,122,43,127,114,58,127,117,60,128,126,9
64,129,124,61,128,125,61,129,123,59,127,125,64,128,124,9
80,126,122,85,127,122,78,127,121,78,126,122,83,126,121,9
68,127,123,68,127,123,69,126,123,71,128,121,66,127,124,9
65,130,123,66,127,125,69,127,125,65,127,125,64,127,124,9
64,128,124,60,127,125,62,128,124,57,127,124,66,127,125,9
78,127,120,84,126,121,80,127,122,77,127,121,82,127,122,9
69,127,123,68,128,124,69,127,123,70,129,121,66,127,124,9
67,129,124,64,127,125,69,127,123,64,127,124,65,127,124,9
65,127,124,62,128,126,62,128,124,58,129,124,63,127,124,9
80,127,122,86,127,121,80,126,123,79,126,122,81,127,121,9
69,127,123,69,127,123,69,128,124,71,128,122,66,128,124,9
65,128,124,63,129,123,70,129,124,65,127,124,65,128,127,9
65,128,123,61,128,125,62,128,124,60,127,126,65,127,125,9
79,126,123,83,126,121,78,127,121,78,127,122,80,125,120,9
69,127,124,69,127,123,71,128,123,72,128,122,65,127,125,9
66,128,123,64,127,125,68,127,124,64,128,124,65,128,125,9
61,129,124,63,128,124,60,129,124,62,128,124,61,129,125,9
51,128,121,34,127,122,61,129,125,42,129,120,60,127,124,9
69,128,123,66,129,122,69,127,124,66,127,124,65,128,124,9
67,127,124,68,128,124,67,127,122,68,128,124,69,127,123,9
61,128,124,61,128,125,61,127,125,62,129,124,61,129,125,9
50,128,122,34,128,122,61,128,124,42,129,122,59,129,124,9
69,128,123,68,127,124,67,127,124,66,128,124,68,128,124,9
66,127,124,68,128,124,67,127,124,66,128,122,69,127,123,9
61,128,125,61,128,125,61,129,124,62,129,124,63,127,125,9
51,126,123,34,128,122,61,129,124,42,129,121,58,128,124,9
68,128,124,65,129,124,70,128,122,66,128,124,66,128,124,9
68,127,124,67,127,124,69,127,124,68,128,124,69,127,122,9
62,128,124,63,128,125,61,128,125,62,129,124,62,129,125,9
50,129,120,33,128,122,61,129,123,41,128,122,59,128,125,9
70,127,124,68,127,124,70,127,124,66,128,124,66,128,123,9
66,127,122,69,127,123,69,127,124,68,128,124,68,127,123,9
77,129,120,76,126,122,81,127,120,81,127,121,80,128,121,9
70,127,122,65,128,122,72,128,121,67,127,121,67,127,124,9
70,127,122,65,128,124,67,129,124,72,127,124,68,129,122,9
62,128,124,61,129,124,63,128,124,66,128,123,61,128,124,9
77,127,120,75,127,121,81,127,121,82,127,121,78,127,121,9
71,127,122,65,128,122,72,128,123,69,129,121,66,128,123,9
71,127,122,64,128,124,65,130,122,73,129,123,65,128,122,9
62,127,125,62,127,124,62,128,124,67,128,125,61,127,125,9
78,127,122,77,127,120,80,126,120,79,127,120,79,127,122,9
70,127,124,66,129,122,72,127,122,71,127,122,69,126,124,9
69,128,122,65,128,124,66,128,124,74,128,124,66,129,122,9
61,129,124,61,129,123,63,128,122,66,128,124,61,128,125,9
78,127,121,77,126,121,83,125,122,80,127,120,78,130,121,9
71,127,122,65,128,123,70,127,122,70,129,121,69,127,122,9
69,127,123,64,127,125,65,127,123,75,128,124,66,128,122,9
61,128,124,61,128,124,63,128,124,67,129,124,60,127,125,9
65,129,123,66,128,124,61,129,123,61,129,122,65,128,122,9
68,127,123,63,128,123,71,127,123,63,127,123,66,126,123,9
107,125,118,104,125,118,113,125,119,120,125,117,100,127,119,9
81,127,122,79,126,122,86,127,120,85,127,120,79,128,120,9
64,128,122,66,128,124,60,127,124,61,127,124,65,129,122,9
69,127,122,63,127,124,70,127,123,63,127,123,65,127,123,9
107,125,119,104,126,117,113,126,118,120,125,117,101,126,119,9
78,127,120,79,127,120,87,125,121,87,126,121,80,127,121,9
64,129,124,66,128,124,60,128,124,60,128,124,66,128,122,9
68,127,122,62,129,123,70,127,121,63,128,122,65,126,123,9
107,126,118,103,127,118,114,125,119,120,125,118,100,125,119,9
81,127,121,78,128,119,87,126,120,86,127,121,79,126,121,9
66,126,123,66,128,124,63,128,122,62,128,125,64,128,122,9
69,127,122,65,128,123,72,128,123,63,127,123,66,127,124,9
107,125,119,103,126,118,113,126,118,121,124,117,100,127,119,9
80,127,120,78,129,121,88,126,120,86,126,121,79,126,121,9
82,127,119,77,127,121,81,128,119,81,128,120,80,127,120,9
72,128,120,71,128,122,75,127,121,74,128,122,73,127,122,9
66,129,122,64,128,122,71,128,122,67,127,122,66,127,122,9
65,126,122,63,127,124,67,127,123,66,127,122,63,126,123,9
84,128,120,77,128,120,81,128,120,80,128,120,79,127,121,9
72,128,121,71,128,122,77,128,121,73,128,120,73,127,122,9
68,128,122,63,127,123,71,126,123,67,127,123,66,127,123,9
65,127,123,63,127,123,67,127,122,65,127,122,64,127,124,9
81,128,120,79,128,122,80,128,120,80,127,120,80,127,120,9
72,129,121,71,127,122,76,128,121,73,129,120,73,128,122,9
67,127,122,65,128,123,72,125,123,66,127,123,65,126,123,9
66,128,122,63,127,124,67,127,122,67,127,122,64,125,123,9
82,127,122,77,126,122,81,127,120,82,127,120,80,128,120,9
73,128,122,72,127,122,76,128,120,74,127,121,73,127,121,9
70,127,123,63,127,123,72,127,122,67,127,122,66,127,124,9
66,126,122,63,127,124,66,127,123,66,128,123,63,127,122,9
